{"cameraMode":{"drawMode":0,"name":"Shaded","section":"Shading Mode"},"sceneLighting":false,"audioPlay":false,"sceneViewState":{"showFog":true,"showMaterialUpdate":false,"showSkybox":false,"showFlares":true,"showImageEffects":true,"showParticleSystems":true},"in2DMode":false,"pivot":{"x":-2.466036081314087,"y":0.4071298837661743,"z":-1.8752797842025757},"rotation":{"x":-0.3594047725200653,"y":0.11906461417675019,"z":-0.04629550501704216,"w":-0.9244093894958496},"size":1.4568802118301392,"orthographic":false}