{"cameraMode":{"drawMode":0,"name":"Shaded","section":"Shading Mode"},"sceneLighting":false,"audioPlay":false,"sceneViewState":{"showFog":true,"showMaterialUpdate":false,"showSkybox":false,"showFlares":true,"showImageEffects":true,"showParticleSystems":true},"in2DMode":false,"pivot":{"x":-1.2330151796340943,"y":1.248026967048645,"z":0.46526649594306948},"rotation":{"x":0.37740400433540347,"y":0.5066847801208496,"z":-0.26202401518821719,"w":0.729656994342804},"size":0.8660253882408142,"orthographic":false}