{"cameraMode":{"drawMode":0,"name":"Shaded","section":"Shading Mode"},"sceneLighting":false,"audioPlay":false,"sceneViewState":{"showFog":true,"showMaterialUpdate":false,"showSkybox":false,"showFlares":true,"showImageEffects":true,"showParticleSystems":true},"in2DMode":false,"pivot":{"x":-0.7871978282928467,"y":1.1818243265151978,"z":0.35111096501350405},"rotation":{"x":0.26005515456199648,"y":0.09346231818199158,"z":-0.02522926777601242,"w":0.9608438611030579},"size":0.8660253882408142,"orthographic":false}