{"cameraMode":{"drawMode":0,"name":"Shaded","section":"Shading Mode"},"sceneLighting":true,"audioPlay":false,"sceneViewState":{"showFog":true,"showMaterialUpdate":false,"showSkybox":true,"showFlares":true,"showImageEffects":true,"showParticleSystems":true},"in2DMode":false,"pivot":{"x":2.749346971511841,"y":-3.322874069213867,"z":-2.2801647186279299},"rotation":{"x":-0.4769824743270874,"y":-0.19783398509025575,"z":0.11113035678863526,"w":-0.8491203188896179},"size":11.108728408813477,"orthographic":false}