{"cameraMode":{"drawMode":0,"name":"Shaded","section":"Shading Mode"},"sceneLighting":true,"audioPlay":false,"sceneViewState":{"showFog":true,"showMaterialUpdate":false,"showSkybox":true,"showFlares":true,"showImageEffects":true,"showParticleSystems":true},"in2DMode":false,"pivot":{"x":-4.008049488067627,"y":2.8919620513916017,"z":-5.183838367462158},"rotation":{"x":-0.19532376527786256,"y":-0.04647138714790344,"z":0.009263710118830204,"w":-0.9796045422554016},"size":1.5000001192092896,"orthographic":false}