{"cameraMode":{"drawMode":0,"name":"Shaded","section":"Shading Mode"},"sceneLighting":true,"audioPlay":false,"sceneViewState":{"showFog":true,"showMaterialUpdate":false,"showSkybox":true,"showFlares":true,"showImageEffects":true,"showParticleSystems":true},"in2DMode":false,"pivot":{"x":0.40642744302749636,"y":-0.24270468950271607,"z":-4.85516881942749},"rotation":{"x":-0.3312957286834717,"y":0.39154720306396487,"z":-0.153585284948349,"w":-0.8445990085601807},"size":7.203612327575684,"orthographic":false}