{"cameraMode":{"drawMode":0,"name":"Shaded","section":"Shading Mode"},"sceneLighting":false,"audioPlay":false,"sceneViewState":{"showFog":true,"showMaterialUpdate":false,"showSkybox":false,"showFlares":true,"showImageEffects":true,"showParticleSystems":true},"in2DMode":false,"pivot":{"x":0.0,"y":0.712050199508667,"z":-0.021492421627044679},"rotation":{"x":-0.027632638812065126,"y":-0.9718222618103027,"z":0.18167462944984437,"w":-0.14776192605495454},"size":1.5670205354690552,"orthographic":false}