{"cameraMode":{"drawMode":0,"name":"Shaded","section":"Shading Mode"},"sceneLighting":true,"audioPlay":false,"sceneViewState":{"showFog":true,"showMaterialUpdate":false,"showSkybox":true,"showFlares":true,"showImageEffects":true,"showParticleSystems":true},"in2DMode":false,"pivot":{"x":-1.150911808013916,"y":-413.5412292480469,"z":-7.3953351974487309},"rotation":{"x":0.13711300492286683,"y":0.8223491311073303,"z":-0.5051251649856567,"w":0.2233523279428482},"size":2.1293513774871828,"orthographic":false}