{"cameraMode":{"drawMode":0,"name":"Shaded","section":"Shading Mode"},"sceneLighting":false,"audioPlay":false,"sceneViewState":{"showFog":true,"showMaterialUpdate":false,"showSkybox":false,"showFlares":true,"showImageEffects":true,"showParticleSystems":true},"in2DMode":false,"pivot":{"x":0.016744613647460939,"y":0.21644912660121919,"z":-0.04211080074310303},"rotation":{"x":0.16860119998455048,"y":0.8260267376899719,"z":-0.4288019835948944,"w":0.3248356878757477},"size":1.4730639457702637,"orthographic":false}