{"cameraMode":{"drawMode":0,"name":"Shaded","section":"Shading Mode"},"sceneLighting":false,"audioPlay":false,"sceneViewState":{"showFog":true,"showMaterialUpdate":false,"showSkybox":false,"showFlares":true,"showImageEffects":true,"showParticleSystems":true},"in2DMode":false,"pivot":{"x":-4.318714141845703,"y":-2.5532126426696779,"z":23.033384323120118},"rotation":{"x":-0.6620497703552246,"y":-0.039961688220500949,"z":0.035387419164180759,"w":-0.7475606203079224},"size":6.961544036865234,"orthographic":false}