{"cameraMode":{"drawMode":0,"name":"Shaded","section":"Shading Mode"},"sceneLighting":false,"audioPlay":false,"sceneViewState":{"showFog":true,"showMaterialUpdate":false,"showSkybox":false,"showFlares":true,"showImageEffects":true,"showParticleSystems":true},"in2DMode":false,"pivot":{"x":-2.4681248664855959,"y":4.548580169677734,"z":-1.34988272190094},"rotation":{"x":0.3546692728996277,"y":0.05942044407129288,"z":-0.022645218297839166,"w":0.9328852295875549},"size":3.0360729694366457,"orthographic":false}