{"cameraMode":{"drawMode":0,"name":"Shaded","section":"Shading Mode"},"sceneLighting":false,"audioPlay":false,"sceneViewState":{"showFog":true,"showMaterialUpdate":false,"showSkybox":false,"showFlares":true,"showImageEffects":true,"showParticleSystems":true},"in2DMode":false,"pivot":{"x":-0.258401483297348,"y":-0.00766134774312377,"z":-1.1339702606201172},"rotation":{"x":-0.0006579695036634803,"y":0.9818888306617737,"z":-0.18966272473335267,"w":-0.002945760264992714},"size":2.1458353996276857,"orthographic":false}