{"cameraMode":{"drawMode":0,"name":"Shaded","section":"Shading Mode"},"sceneLighting":true,"audioPlay":false,"sceneViewState":{"showFog":true,"showMaterialUpdate":false,"showSkybox":true,"showFlares":true,"showImageEffects":true,"showParticleSystems":true},"in2DMode":false,"pivot":{"x":-2.3141050338745119,"y":4.611569881439209,"z":1.2769569158554078},"rotation":{"x":-0.24966180324554444,"y":0.5810628533363342,"z":-0.19340279698371888,"w":-0.7500880360603333},"size":5.707395553588867,"orthographic":false}